Beta Alpha Psi---As the premier professional business and financial information fraternity, Beta Alpha Psi recognizes academic excellence and complements members formal education by providing interaction among students, faculty and professionals, and fosters life-long growth, service and ethical conduct. BAΨ is a national scholastic and professional accounting, finance and M.I.S. honor society. Scholars in these fields are recognized by achieving a 3.0 overall grade point average.---Scholars in these fields are recognized by achieving a 3.0 overall grade point average.---NULL---NULL---NULL---0.00
Beta Beta Beta---The purpose of Beta Beta Beta Biological Honor Society is to function as an honor and professional society for students of the biological sciences. Its activities shall be designed to stimulate interest, scholarly attainment and investigation in the biological sciences and to promote the dissemination of information and new interpretations among students of the life sciences.---NULL---NULL---NULL---NULL---0.00
Beta Gamma Sigma---The mission of Beta Gamma Sigma is to encourage and honor academic achievement and personal excellence in the study and practice of business. It is the only scholastic honor society recognized by the International Association of Management Education (AACSB). Membership is open to both M.B.A. students and undergraduate students with a major in accounting, business administration or management information systems who are tapped by the Perdue School of Business.---To be tapped, undergraduate students in their junior year must be in the top 7 percent of their class or seniors in the top 10 percent of their class. M.B.A. students must be in the top 20 percent of their class.---NULL---NULL---NULL---0.00
Chi Alpha Sigma---Chi Alpha Sigma recognizes college student athletes who earn a varsity letter in at least one sport while maintaining a 3.4 or higher cumulative grade point average throughout their junior and senior years. Chi Alpha Sigma's purposes are as follows: To encourage and reward high academic scholarship of college athletes at four-year accredited colleges and universities.---Chi Alpha Sigma recognizes college student athletes who earn a varsity letter in at least one sport while maintaining a 3.4 or higher cumulative grade point average throughout their junior and senior years.---NULL---NULL---NULL---0.00
Eta Sigma Gamma---Eta Sigma Gamma is the only national health education honorary. Founded in 1967 at Ball State University, its mission is to promote the highest possible standards in education, research, and service within the discipline of health education through student-led chapters in colleges and universities across the United States. The Epsilon Xi chapter at SU is open to any Community Health major or Health minor who meets established eligibility requirements.---NULL---NULL---NULL---NULL---0.00
Gamma Theta Upsilon---The Zeta Eta chapter of Gamma Theta Upsilon, an international honor society in geography, was established at SU in 1980 to recognize scholarly achievement and to foster professional growth and geographic research.---Junior or senior geography majors are eligible for membership by completing at least 18 credit hours of geography with a minimum grade point average of 3.25 and an overall grade point average of 3.0.---NULL---NULL---NULL---0.00
Honor Student Association---The purpose of the Honors Student Association is to provide students with cultural, intellectual and social activities outside of the classroom setting and to promote community service. The group also serves as a liaison between students enrolled in the Clarke Honors College and the Clarke Honors College Committee. It makes recommendations for honors course offerings and advises the committee on matters relating to program requirements and changes.---NULL---NULL---NULL---https://www.salisbury.edu/academic-offices/honors/---0.00
Kappa Delta Pi---Kappa Delta Pi is an international honor society in education. Founded in 1911, the organization has more than 55,000 members in 665 chapters worldwide. The Rho Eta chapter of Kappa Delta Pi promotes excellence in and recognizes outstanding contributions to education. This honor society endeavors to maintain a high degree of professional fellowship and growth among its members. Qualifications for membership include a 3.2 GPA and completion of certain education courses.---Qualifications for membership include a 3.2 GPA and completion of certain education courses.---NULL---NULL---NULL---0.00
Lambda Beta---The Lambda Beta Honor Society for Respiratory Care at SU was formed to bring together those who are interested in a career in respiratory care. The purpose of the honor society is to promote, recognize and honor scholarship, achievement, service and character of students, graduates and faculty members of the SU Respiratory Therapy Program. Junior and senior student members are available to mentor those wishing to pursue a career in respiratory care.---Students will be invited to become members of the SU chapter of Lambda Beta after completing the first semester as a respiratory major with a GPA of 3.0. Students in the top 25 percent of their class will be inducted into the national level of Lambda Beta during the spring semester of their senior year.---NULL---NULL---NULL---0.00
Lambda Pi Eta---Lambda Pi Eta is the official undergraduate communications honor society of the National Communication Association. Its purpose is to recognize, foster and reward outstanding scholastic achievement, stimulate interest in the field of communication studies, and to promote and encourage professional development among communication majors.---NULL---NULL---NULL---NULL---0.00
Lambda Tau---The Lambda Tau Honor Society is the national honor society for Medical Laboratory Science students.---NULL---NULL---NULL---NULL---0.00
Omicron Delta Epsilon---Omicron Delta Epsilon is the International Economics Honor Society. The primary purpose of Omicron Delta Epsilon is to recognize scholastic attainment in economics, but it is also intended to establish closer ties between students and faculty in economics. Students are eligible if they have an overall grade point average of at least 3.0, and at least twelve credits in economics with an average of at least a 3.0 GPA or better.---Students are eligible if they have an overall grade point average of at least 3.0, and at least twelve credits in economics with an average of at least a 3.0 GPA or better.---NULL---NULL---https://www.omicrondeltaepsilon.org/---0.00
Omicron Delta Kappa---Omicron Delta Kappa is a national leadership honor society for recognizing the top 1% of campus leaders. The group encourages superior scholarship, leadership, and exemplary character among college juniors and seniors, faculty, and staff. The society also recognizes achievement in athletics, campus or community service, social and religious activities, speech and the mass media and the creative and performing arts.---NULL---NULL---NULL---https://odk.org/about-odk/history/notable-alumni/---0.00
Phi Alpha---The Chi Eta chapter of the social work honor society encourages high scholastic attainment, provides a closer bond among students of social work and promotes humanitarian goals and ideas.---NULL---NULL---NULL---NULL---0.00
Phi Alpha Theta---The Eta Iota chapter of Phi Alpha Theta international honor society in history was established in 1959 to serve the needs of those students who have maintained a high scholastic average and who are interested in the further study and teaching of history. Membership is restricted to juniors and seniors. Notification of eligibility is given by the organization.---NULL---NULL---NULL---NULL---0.00
Phi Epsilon Kappa---Phi Epsilon Kappa is a national professional fraternity, which brings to its members an appreciation of their duties toward life, toward their profession, and toward their constituents. Founded on April 12, 1913 at the Normal College of the American Union in Indianapolis, Indiana, Phi Epsilon Kappa Fraternity is a national professional fraternity for persons engaged in or pursuing careers in Physical Education, Health, Human Performance, Exercise Science, and Sports Medicine.---The Salisbury University Epsilon Theta Honors Chapter extends an invitation to juniors and seniors in the Department of Health and Sport Sciences who have achieved and maintained a 3.0 GPA or higher.---NULL---NULL---NULL---0.00
Phi Eta Sigma---Phi Eta Sigma is a national honor society whose goal is to encourage and reward academic excellence among freshmen in institutions of higher learning. Freshmen are invited to join if their cumulative grade point average at the end of their freshman year is 3.5 or higher. Membership is recognition of personal accomplishment and serves as an incentive for continued high scholarship.---Freshmen are invited to join if their cumulative grade point average at the end of their freshman year is 3.5 or higher.---NULL---NULL---NULL---0.00
Phi Kappa Phi---Phi Kappa Phi is an international honor society with a local chapter on the SU campus. It fosters and recognizes outstanding scholarship in students from all areas of instruction. It is the only honor society which moves across the lines that traditionally separate the diverse academic disciplines. Juniors and seniors invited to membership must rank in the upper brackets of their graduating class. Those eligible for induction are notified during the academic year.---NULL---NULL---NULL---https://www.salisbury.edu/administration/academic-affairs/phi-kappa-phi/---0.00
Phi Sigma Iota---Phi Sigma Iota is the highest academic honor in the field of foreign languages and is accredited by the Association of College Honor Societies. It recognizes outstanding accomplishment in the study or teaching of the academic fields related to foreign language, literature, or culture.---To become a member, a student must be a major or minor in French, German or Spanish, have completed 45 semester hours or its equivalent, have passed at least one upper-level college course (300 or 400-level) in French, Spanish or German, and have a minimum grade point average of 3.0 on a 4.0 scale in all language courses and a cumulative grade point average of 3.3 on a 4.0 scale.---NULL---NULL---NULL---0.00
Phi Sigma Tau---The Maryland Zeta chapter of Phi Sigma Tau, an international honor society in philosophy, considers its organization instrumental in the day-to-day existence of the University. It serves as a means for developing and honoring academic excellence as well as philosophical interest. In addition to providing a means of awarding distinction to students having high scholarship and interest in philosophy, the society also promotes interest in philosophy among the general collegiate public.---NULL---NULL---NULL---NULL---0.00
Pi Delta Phi---Pi Delta Phi, the National French Honor Society, is the highest academic honor in the field of French and the oldest academic honor society for a modern foreign language in the United States. It is also officially endorsed by the American Association of Teachers of French.---To become a member, a student must have passed at least one upper-level French college course (i.e. beyond the intermediate-level), be at least a sophomore with a minimum grade point average of 3.0 on a 4.0 scale in all French courses and a cumulative grade point average of 3.0 on a 4.0 scale, and rank in the top 35% of their class.---NULL---NULL---NULL---0.00
Pi Gamma Mu---Pi Gamma Mu is an international honor society in the social sciences.---To qualify for membership, a student must be a junior, senior or graduate student in the upper 35 percent of the class; have at least 20 semester hours in one or more of the five core areas (economics, history, international relations, political science, sociology/anthropology) and in some other social science disciplines such as social psychology, criminal justice or human geography; and have a GPA of a B or better.---NULL---NULL---http://pigammamu.org/---0.00
Pi Mu Epsilon---Pi Mu Epsilon is a national honor society dedicated to the promotion and recognition of scholarly activity in the mathematical sciences. The Maryland Zeta Chapter of Pi Mu Epsilon was established at Salisbury University in 2001. To qualify for membership, a student must complete at least two semesters of calculus plus two additional courses in mathematics at or above the calculus level, have at least a 3.0 GPA overall, and have at least a 3.0 GPA in mathematics courses.---To qualify for membership, a student must complete at least two semesters of calculus plus two additional courses in mathematics at or above the calculus level, have at least a 3.0 GPA overall, and have at least a 3.0 GPA in mathematics courses.---NULL---NULL---NULL---0.00
Pi Sigma Alpha---The Pi Xi chapter of Pi Sigma Alpha, a national honor society in political science, was established in 1987 to recognize the scholarly achievement of outstanding political science students. To qualify for membership, a student must complete 18 hours of political science courses, be a junior or senior, have a 3.0 overall grade point average and have a 3.25 grade point average in political science courses.---To qualify for membership, a student must complete 18 hours of political science courses, be a junior or senior, have a 3.0 overall grade point average and have a 3.25 grade point average in political science courses.---NULL---NULL---NULL---0.00
Psi Chi---Psi Chi, a national honor society in psychology, was founded in 1929. The Salisbury chapter was established in 1974 to advance the science of psychology and to encourage, stimulate and maintain scholarship of its members in all fields, particularly psychology. The requirements for membership in Psi Chi start with the completion of 12 semester hours in psychology and satisfying grade point requirements.---NULL---NULL---NULL---NULL---0.00
SALUTE---SALUTE Veterans National Honor Society is an honor society that not only symbolizes the academic achievement of our veterans through the pursuit of knowledge, but also our commitment as a group to honor those among us that are the tip of the spear. Service, Academics, Leadership, Unity, Tribute, Excellence are the foundation blocks of our honor society and the foundation of your success. Eligible students must provide documentation of their military service and honorable discharge (DD214).---Eligible students must provide documentation of their military service and honorable discharge (DD214). A minimum of 15 credit hours must be completed at SU. Students are accepted on a tier system: Graduate students are Gold level at a 3.5 cumulative GPA or higher; Undergraduate student levels are Delta 3.00-3.24, Charlie 3.25-3.49, Bravo 3.50-3.74, Alpha 3.75-4.0.---NULL---NULL---NULL---0.00
Sigma Delta Pi---Sigma Delta Pi is the largest foreign language honor society in existence and is accredited by the Association of College Honor Societies. To become a member, a student must have completed three years of college-level Spanish, including at least three semester hours in Hispanic literature or Hispanic culture with a minimal grade point average of 3.0 in all Spanish courses and a cumulative grade point average of 3.0.---To become a member, a student must have completed three years of college-level Spanish, including at least three semester hours in Hispanic literature or Hispanic culture with a minimal grade point average of 3.0 in all Spanish courses and a cumulative grade point average of 3.0.---NULL---NULL---NULL---0.00
Sigma Iota Rho---Sigma Iota Rho is a national honor society in international studies, founded at American University in 1984. The Salisbury chapter, Zeta Omicron, was founded in 2015, and serves to recognize achievement in the field of international studies while promoting cooperation and scholarship among students in the major.---NULL---NULL---NULL---NULL---0.00
Sigma Pi Sigma---Sigma Pi Sigma exists to honor outstanding scholarship in physics, to encourage interest in physics among students at all levels, to promote an attitude of service, and to provide a fellowship of persons who have excelled in physics. Election is a lifelong membership and includes a one-year complimentary membership in the Society of Physics Students (SPS). Sigma Pi Sigma is an organization of the American Institute of Physics, and a member of the Association of College Honor Societies.---NULL---NULL---NULL---NULL---0.00
Sigma Theta Tau---Sigma Theta Tau, the international nursing honor society, recognizes excellence in scholarship, leadership and research in nursing. To qualify for membership in SUs Lambda Eta chapter, an undergraduate student must have completed one-half of the nursing curriculum, rank in the upper 35 percent of the graduating class and demonstrate potential for or achievement in nursing leadership.---To qualify for membership in SUs Lambda Eta chapter, an undergraduate student must have completed one-half of the nursing curriculum, rank in the upper 35 percent of the graduating class and demonstrate potential for or achievement in nursing leadership. A graduate student is required to have a 3.5 GPA, to have completed one-fourth of the program of study and have potential for leadership in the nursing profession.---NULL---NULL---NULL---0.00
Upsilon Pi Epsilon---Upsilon Pi Epsilon (UPE) is an international honor society in computing and information disciplines. It is a member of the Association of College Honor Societies (ACHS), and affiliated with the two largest computer organizations in the world, the Association for Computing Machinery (ACM) and the IEEE Computer Society. It is also a charter member of the International Federation of Engineering Education Societies (IFEES).---Computer science students are eligible for membership by completing at least 60 semester hours of undergraduate credit including 16 semester hours in the computer science courses, an overall grade point average of at least 3.0, a grade point average of at least 3.0 in all computer science coursework, and must rank in the top 35 percent of computer science students at SU.---NULL---NULL---https://upe.acm.org/---0.00